Designator	Device	Footprint	Mid X	Mid Y	Ref X	Ref Y	Pad X	Pad Y	Pins	Layer	Rotation	SMD	Comment	Value	Type	Supplier	Datasheet
"J1"	"B-2100S04P-A110"	"HDR-TH_4P-P2.54-V-M"	"6.35mm"	"7.62mm"	"6.35mm"	"7.62mm"	"2.54mm"	"7.62mm"	"4"	"T"	"0"	"No"	"B-2100S04P-A110"	""	""	"LCSC"	"https://item.szlcsc.com/datasheet/B-2100S04P-A110/125653.html"
"D1"	"SS36_C16015"	"SMA_L4.3-W2.6-LS5.2-RD"	"9.246mm"	"37.109mm"	"9.246mm"	"37.109mm"	"7.046mm"	"37.109mm"	"2"	"T"	"0"	"Yes"	"SS36"	""	""	"LCSC"	"https://item.szlcsc.com/datasheet/SS36/16697.html"
"D2"	"SMBJ18A_C10212"	"SMB_L4.6-W3.6-LS5.3-RD"	"15.037mm"	"35.23mm"	"15.037mm"	"35.23mm"	"15.037mm"	"32.87mm"	"2"	"T"	"90"	"Yes"	"SMBJ18A"	""	"TVS"	"LCSC"	"https://item.szlcsc.com/datasheet/SMBJ18A/10752.html"
"C1"	"CC1210X7R50V106KN"	"C1210"	"6.629mm"	"28.981mm"	"6.629mm"	"28.981mm"	"6.629mm"	"27.465mm"	"2"	"T"	"90"	"Yes"	"10uF"	"10uF"	""	"LCSC"	"https://item.szlcsc.com/datasheet/CC1210X7R50V106KN/56048917.html"
"C3"	"CC0603KRX7R9BB104"	"C0603"	"9.754mm"	"28.981mm"	"9.754mm"	"28.981mm"	"9.754mm"	"28.28mm"	"2"	"T"	"90"	"Yes"	"100nF"	"100nF"	""	"LCSC"	"https://item.szlcsc.com/datasheet/CC0603KRX7R9BB104/15331.html"
"R8"	"0603WAF1003T5E"	"R0603"	"9.779mm"	"24.917mm"	"9.779mm"	"24.917mm"	"9.025mm"	"24.917mm"	"2"	"T"	"0"	"Yes"	"100kΩ"	"100kΩ"	"Thick Film Resistor"	"LCSC"	"https://item.szlcsc.com/datasheet/0603WAF1003T5E/26546.html"
"L1"	"SWPA4018S4R7MT"	"IND-SMD_L4.0-W4.0"	"13.614mm"	"28.981mm"	"13.614mm"	"28.981mm"	"12.014mm"	"28.981mm"	"2"	"T"	"0"	"Yes"	"4.7uH"	"4.7uH"	"-"	"LCSC"	"https://item.szlcsc.com/datasheet/SWPA4018S4R7MT/61169.html"
"C6"	"CC0603KRX7R9BB104"	"C0603"	"2.743mm"	"32.766mm"	"2.743mm"	"32.766mm"	"2.042mm"	"32.766mm"	"2"	"T"	"0"	"Yes"	"100nF"	"100nF"	""	"LCSC"	"https://item.szlcsc.com/datasheet/CC0603KRX7R9BB104/15331.html"
"C4"	"CL21A106KAYNNNE_C15850"	"C0805"	"17.628mm"	"28.981mm"	"17.628mm"	"28.981mm"	"17.628mm"	"27.981mm"	"2"	"T"	"90"	"Yes"	"10uF"	"10uF"	""	"LCSC"	"https://item.szlcsc.com/datasheet/CL21A106KAYNNNE/16532.html"
"C5"	"CL21A106KAYNNNE_C15850"	"C0805"	"20.244mm"	"28.981mm"	"20.244mm"	"28.981mm"	"20.244mm"	"27.981mm"	"2"	"T"	"90"	"Yes"	"10uF"	"10uF"	""	"LCSC"	"https://item.szlcsc.com/datasheet/CL21A106KAYNNNE/16532.html"
"R1"	"0603WAF3002T5E"	"R0603"	"2.616mm"	"24.917mm"	"2.616mm"	"24.917mm"	"1.862mm"	"24.917mm"	"2"	"T"	"0"	"Yes"	"30kΩ"	"30kΩ"	"Thick Film Resistor"	"LCSC"	"https://item.szlcsc.com/datasheet/0603WAF3002T5E/23711.html"
"R2"	"0603WAF1002T5E"	"R0603"	"6.198mm"	"24.917mm"	"6.198mm"	"24.917mm"	"5.443mm"	"24.917mm"	"2"	"T"	"0"	"Yes"	"10kΩ"	"10kΩ"	"Thick Film Resistor"	"LCSC"	"https://item.szlcsc.com/datasheet/0603WAF1002T5E/26547.html"
"C7"	"CC0603KRX7R9BB104"	"C0603"	"7.798mm"	"17.272mm"	"7.798mm"	"17.272mm"	"7.798mm"	"16.571mm"	"2"	"T"	"90"	"Yes"	"100nF"	"100nF"	""	"LCSC"	"https://item.szlcsc.com/datasheet/CC0603KRX7R9BB104/15331.html"
"C8"	"CC0603KRX7R9BB104"	"C0603"	"10.109mm"	"17.272mm"	"10.109mm"	"17.272mm"	"10.109mm"	"16.571mm"	"2"	"T"	"90"	"Yes"	"100nF"	"100nF"	""	"LCSC"	"https://item.szlcsc.com/datasheet/CC0603KRX7R9BB104/15331.html"
"R7"	"0603WAF5100T5E"	"R0603"	"13.056mm"	"18.059mm"	"13.056mm"	"18.059mm"	"12.301mm"	"18.059mm"	"2"	"T"	"0"	"Yes"	"510Ω"	"510Ω"	"Thick Film Resistor"	"LCSC"	"https://item.szlcsc.com/datasheet/0603WAF5100T5E/23920.html"
"C12"	"CC0603X7R50V102KN"	"C0603"	"16.688mm"	"17.958mm"	"16.688mm"	"17.958mm"	"15.987mm"	"17.958mm"	"2"	"T"	"0"	"Yes"	"1nF"	"1nF"	""	"LCSC"	"https://item.szlcsc.com/datasheet/CC0603X7R50V102KN/56048981.html"
"R5"	"0603WAF1002T5E"	"R0603"	"10.998mm"	"22.377mm"	"10.998mm"	"22.377mm"	"10.244mm"	"22.377mm"	"2"	"T"	"0"	"Yes"	"10kΩ"	"10kΩ"	"Thick Film Resistor"	"LCSC"	"https://item.szlcsc.com/datasheet/0603WAF1002T5E/26547.html"
"C11"	"CL10A105KB8NNNC"	"C0603"	"14.63mm"	"22.276mm"	"14.63mm"	"22.276mm"	"13.929mm"	"22.276mm"	"2"	"T"	"0"	"Yes"	"1uF"	"1uF"	""	"LCSC"	"https://item.szlcsc.com/datasheet/CL10A105KB8NNNC/16531.html"
"C9"	"CL21A106KAYNNNE_C15850"	"C0805"	"3.175mm"	"22.123mm"	"3.175mm"	"22.123mm"	"2.174mm"	"22.123mm"	"2"	"T"	"0"	"Yes"	"10uF"	"10uF"	""	"LCSC"	"https://item.szlcsc.com/datasheet/CL21A106KAYNNNE/16532.html"
"C10"	"CC0603KRX7R9BB104"	"C0603"	"7.366mm"	"22.276mm"	"7.366mm"	"22.276mm"	"6.665mm"	"22.276mm"	"2"	"T"	"0"	"Yes"	"100nF"	"100nF"	""	"LCSC"	"https://item.szlcsc.com/datasheet/CC0603KRX7R9BB104/15331.html"
"R3"	"0603WAF4701T5E"	"R0603"	"18.263mm"	"22.377mm"	"18.263mm"	"22.377mm"	"17.508mm"	"22.377mm"	"2"	"T"	"0"	"Yes"	"4.7kΩ"	"4.7kΩ"	"Thick Film Resistor"	"LCSC"	"https://item.szlcsc.com/datasheet/0603WAF4701T5E/23889.html"
"R4"	"0603WAF4701T5E"	"R0603"	"21.844mm"	"22.377mm"	"21.844mm"	"22.377mm"	"21.09mm"	"22.377mm"	"2"	"T"	"0"	"Yes"	"4.7kΩ"	"4.7kΩ"	"Thick Film Resistor"	"LCSC"	"https://item.szlcsc.com/datasheet/0603WAF4701T5E/23889.html"
"R6"	"0603WAF1002T5E"	"R0603"	"20.32mm"	"18.059mm"	"20.32mm"	"18.059mm"	"19.566mm"	"18.059mm"	"2"	"T"	"0"	"Yes"	"10kΩ"	"10kΩ"	"Thick Film Resistor"	"LCSC"	"https://item.szlcsc.com/datasheet/0603WAF1002T5E/26547.html"
"U1"	"AP63203WU-7"	"TSOT-26_L2.9-W1.6-P0.95-LS2.8-BL"	"2.743mm"	"28.981mm"	"2.743mm"	"28.981mm"	"1.793mm"	"27.783mm"	"6"	"T"	"0"	"Yes"	"AP63203WU-7"	""	""	"LCSC"	"https://item.szlcsc.com/datasheet/AP63203WU-7/832852.html"
"U2"	"ESP32-S3-WROOM-1-N16R8"	"WIRELM-SMD_ESP32-S3-WROOM-1"	"34.036mm"	"23.368mm"	"34.036mm"	"23.368mm"	"25.286mm"	"32.263mm"	"49"	"T"	"0"	"Yes"	"2.4GHz"	"2.4GHz"	""	"LCSC"	"https://item.szlcsc.com/datasheet/ESP32-S3-WROOM-1-N16R8/3198300.html"
"U3"	"E-L9637D013TR"	"SOIC-8_L4.9-W3.9-P1.27-LS6.0-BL"	"3.734mm"	"15.291mm"	"3.734mm"	"15.291mm"	"1.829mm"	"12.69mm"	"8"	"T"	"0"	"Yes"	"E-L9637D013TR"	""	""	"LCSC"	"https://item.szlcsc.com/datasheet/E-L9637D013TR/164371.html"
"J2"	"B-2100S06P-A110"	"HDR-TH_6P-P2.54-V_Z-211-0611-0021-001"	"31.496mm"	"7.62mm"	"31.496mm"	"7.62mm"	"25.146mm"	"7.62mm"	"6"	"T"	"0"	"No"	"B-2100S06P-A110"	""	""	"LCSC"	"https://item.szlcsc.com/datasheet/B-2100S06P-A110/125655.html"
