t_sec,iso_time,0C_rpm,03_fuelsys,05_ect,0B_map,04_load,0E_adv,14_o2,0F_iat,06_stft,07_ltft,42_volt,11_tps,0D_speed,raw
0.6,2026-08-30T09:33:11.072,0.0,0100,22,,,,,,,,,,,0C=0000;03=0100;05=3E
1.139,2026-08-30T09:33:11.612,,0100,,98,,,,,,,,,,0C=ND;03=0100;0B=62
1.68,2026-08-30T09:33:12.152,0.0,0100,,,0.0,,,,,,,,,0C=0000;03=0100;04=00
2.249,2026-08-30T09:33:12.722,0.0,0100,,,,0.0,,,,,,,,0C=0000;03=0100;0E=80
2.789,2026-08-30T09:33:13.262,0.0,,,,,,1.275,,,,,,,0C=0000;03=ND;14=FF80
3.329,2026-08-30T09:33:13.802,0.0,0100,,,,,,23,,,,,,0C=0000;03=0100;0F=3F
3.899,2026-08-30T09:33:14.372,0.0,0100,,,,,,,0.0,,,,,0C=0000;03=0100;06=80
4.469,2026-08-30T09:33:14.942,0.0,0100,,,,,,,,0.0,,,,0C=0000;03=0100;07=80
5.039,2026-08-30T09:33:15.512,0.0,0100,,,,,,,,,11.7,,,0C=0000;03=0100;42=2DB4
5.58,2026-08-30T09:33:16.052,0.0,0100,,,,,,,,,,10.196,,0C=0000;03=0100;11=1A
6.119,2026-08-30T09:33:16.592,0.0,0100,,,,,,,,,,,0,0C=0000;03=0100;0D=00
6.659,2026-08-30T09:33:17.132,0.0,0100,22,,,,,,,,,,,0C=0000;03=0100;05=3E
7.2,2026-08-30T09:33:17.672,0.0,0100,,98,,,,,,,,,,0C=0000;03=0100;0B=62
7.74,2026-08-30T09:33:18.212,0.0,0100,,,0.0,,,,,,,,,0C=0000;03=0100;04=00
8.279,2026-08-30T09:33:18.752,0.0,0100,,,,0.0,,,,,,,,0C=0000;03=0100;0E=80
8.819,2026-08-30T09:33:19.292,0.0,0100,,,,,1.275,,,,,,,0C=0000;03=0100;14=FF80
9.359,2026-08-30T09:33:19.832,0.0,0100,,,,,,23,,,,,,0C=0000;03=0100;0F=3F
9.899,2026-08-30T09:33:20.372,0.0,0100,,,,,,,0.0,,,,,0C=0000;03=0100;06=80
10.469,2026-08-30T09:33:20.942,0.0,0100,,,,,,,,0.0,,,,0C=0000;03=0100;07=80
11.009,2026-08-30T09:33:21.482,0.0,0100,,,,,,,,,11.6,,,0C=0000;03=0100;42=2D50
11.549,2026-08-30T09:33:22.022,0.0,0100,,,,,,,,,,10.196,,0C=0000;03=0100;11=1A
12.089,2026-08-30T09:33:22.562,0.0,0100,,,,,,,,,,,0,0C=0000;03=0100;0D=00
12.659,2026-08-30T09:33:23.132,0.0,0100,22,,,,,,,,,,,0C=0000;03=0100;05=3E
13.199,2026-08-30T09:33:23.672,0.0,0100,,98,,,,,,,,,,0C=0000;03=0100;0B=62
13.77,2026-08-30T09:33:24.243,0.0,0100,,,0.0,,,,,,,,,0C=0000;03=0100;04=00
14.309,2026-08-30T09:33:24.782,0.0,0100,,,,0.0,,,,,,,,0C=0000;03=0100;0E=80
14.91,2026-08-30T09:33:25.383,0.0,0100,,,,,1.275,,,,,,,0C=0000;03=0100;14=FF80
15.45,2026-08-30T09:33:25.922,0.0,0100,,,,,,23,,,,,,0C=0000;03=0100;0F=3F
16.019,2026-08-30T09:33:26.492,0.0,0100,,,,,,,0.0,,,,,0C=0000;03=0100;06=80
16.62,2026-08-30T09:33:27.093,0.0,0100,,,,,,,,0.0,,,,0C=0000;03=0100;07=80
17.189,2026-08-30T09:33:27.662,0.0,0100,,,,,,,,,11.6,,,0C=0000;03=0100;42=2D50
17.73,2026-08-30T09:33:28.203,0.0,0100,,,,,,,,,,10.196,,0C=0000;03=0100;11=1A
18.299,2026-08-30T09:33:28.772,0.0,0100,,,,,,,,,,,0,0C=0000;03=0100;0D=00
18.87,2026-08-30T09:33:29.343,0.0,0100,22,,,,,,,,,,,0C=0000;03=0100;05=3E
19.41,2026-08-30T09:33:29.883,0.0,0100,,98,,,,,,,,,,0C=0000;03=0100;0B=62
19.949,2026-08-30T09:33:30.422,0.0,0100,,,0.0,,,,,,,,,0C=0000;03=0100;04=00
20.519,2026-08-30T09:33:30.993,0.0,0100,,,,0.0,,,,,,,,0C=0000;03=0100;0E=80
21.06,2026-08-30T09:33:31.533,0.0,0100,,,,,1.275,,,,,,,0C=0000;03=0100;14=FF80
21.659,2026-08-30T09:33:32.133,0.0,0100,,,,,,23,,,,,,0C=0000;03=0100;0F=3F
22.2,2026-08-30T09:33:32.673,0.0,0100,,,,,,,0.0,,,,,0C=0000;03=0100;06=80
22.77,2026-08-30T09:33:33.243,0.0,0100,,,,,,,,0.0,,,,0C=0000;03=0100;07=80
23.31,2026-08-30T09:33:33.783,0.0,0100,,,,,,,,,11.6,,,0C=0000;03=0100;42=2D50
23.85,2026-08-30T09:33:34.323,0.0,0100,,,,,,,,,,10.196,,0C=0000;03=0100;11=1A
24.39,2026-08-30T09:33:34.863,0.0,0100,,,,,,,,,,,0,0C=0000;03=0100;0D=00
24.93,2026-08-30T09:33:35.403,0.0,0100,22,,,,,,,,,,,0C=0000;03=0100;05=3E
25.47,2026-08-30T09:33:35.943,0.0,0100,,98,,,,,,,,,,0C=0000;03=0100;0B=62
26.01,2026-08-30T09:33:36.483,0.0,0100,,,0.0,,,,,,,,,0C=0000;03=0100;04=00
26.55,2026-08-30T09:33:37.023,0.0,0100,,,,0.0,,,,,,,,0C=0000;03=0100;0E=80
27.09,2026-08-30T09:33:37.563,0.0,0100,,,,,1.275,,,,,,,0C=0000;03=0100;14=FF80
27.661,2026-08-30T09:33:38.134,0.0,0100,,,,,,23,,,,,,0C=0000;03=0100;0F=3F
28.2,2026-08-30T09:33:38.673,0.0,0100,,,,,,,0.0,,,,,0C=0000;03=0100;06=80
28.74,2026-08-30T09:33:39.213,0.0,0100,,,,,,,,0.0,,,,0C=0000;03=0100;07=80
29.31,2026-08-30T09:33:39.783,0.0,0100,,,,,,,,,11.6,,,0C=0000;03=0100;42=2D50
29.85,2026-08-30T09:33:40.323,0.0,0100,,,,,,,,,,10.196,,0C=0000;03=0100;11=1A
30.42,2026-08-30T09:33:40.894,0.0,,,,,,,,,,,,0,0C=0000;03=ND;0D=00
30.96,2026-08-30T09:33:41.433,0.0,0100,22,,,,,,,,,,,0C=0000;03=0100;05=3E
31.53,2026-08-30T09:33:42.003,0.0,0100,,98,,,,,,,,,,0C=0000;03=0100;0B=62
32.07,2026-08-30T09:33:42.543,0.0,0100,,,0.0,,,,,,,,,0C=0000;03=0100;04=00
32.64,2026-08-30T09:33:43.113,,,,,,,,,,,,,,0C=ND;03=ND;0E=ND
33.18,2026-08-30T09:33:43.653,,,,,,,,,,,,,,0C=ND;03=ND;14=ND
33.75,2026-08-30T09:33:44.223,,,,,,,,,,,,,,0C=ND;03=ND;0F=ND
34.29,2026-08-30T09:33:44.764,,,,,,,,,,,,,,0C=ND;03=ND;06=ND
34.83,2026-08-30T09:33:45.303,,,,,,,,,,,,,,0C=ND;03=ND;07=ND
35.37,2026-08-30T09:33:45.843,,,,,,,,,,,,,,0C=ND;03=ND;42=ND
35.94,2026-08-30T09:33:46.413,,,,,,,,,,,,,,0C=ND;03=ND;11=ND
36.481,2026-08-30T09:33:46.954,,0100,,,,,,,,,,,0,0C=ND;03=0100;0D=00
37.05,2026-08-30T09:33:47.523,0.0,0100,22,,,,,,,,,,,0C=0000;03=0100;05=3E
37.59,2026-08-30T09:33:48.063,,,,,,,,,,,,,,0C=ND;03=ND;0B=ND
38.13,2026-08-30T09:33:48.604,,,,,0.0,,,,,,,,,0C=ND;03=ND;04=00
38.67,2026-08-30T09:33:49.143,0.0,0100,,,,0.0,,,,,,,,0C=0000;03=0100;0E=80
39.27,2026-08-30T09:33:49.743,0.0,0100,,,,,1.275,,,,,,,0C=0000;03=0100;14=FF80
39.87,2026-08-30T09:33:50.343,0.0,0100,,,,,,23,,,,,,0C=0000;03=0100;0F=3F
40.442,2026-08-30T09:33:50.915,0.0,0100,,,,,,,0.0,,,,,0C=0000;03=0100;06=80
40.98,2026-08-30T09:33:51.454,0.0,0100,,,,,,,,0.0,,,,0C=0000;03=0100;07=80
41.55,2026-08-30T09:33:52.023,0.0,0100,,,,,,,,,11.6,,,0C=0000;03=0100;42=2D50
42.09,2026-08-30T09:33:52.564,0.0,0100,,,,,,,,,,10.196,,0C=0000;03=0100;11=1A
42.63,2026-08-30T09:33:53.104,,0100,,,,,,,,,,,,0C=ND;03=0100;0D=ND
43.17,2026-08-30T09:33:53.644,0.0,0100,22,,,,,,,,,,,0C=0000;03=0100;05=3E
43.71,2026-08-30T09:33:54.184,0.0,0100,,98,,,,,,,,,,0C=0000;03=0100;0B=62
44.251,2026-08-30T09:33:54.724,0.0,0100,,,0.0,,,,,,,,,0C=0000;03=0100;04=00
44.79,2026-08-30T09:33:55.264,0.0,0100,,,,0.0,,,,,,,,0C=0000;03=0100;0E=80
45.33,2026-08-30T09:33:55.804,0.0,0100,,,,,1.275,,,,,,,0C=0000;03=0100;14=FF80
45.9,2026-08-30T09:33:56.374,0.0,0100,,,,,,23,,,,,,0C=0000;03=0100;0F=3F
46.441,2026-08-30T09:33:56.914,0.0,0100,,,,,,,0.0,,,,,0C=0000;03=0100;06=80
46.98,2026-08-30T09:33:57.454,0.0,0100,,,,,,,,0.0,,,,0C=0000;03=0100;07=80
47.522,2026-08-30T09:33:57.995,0.0,0100,,,,,,,,,11.6,,,0C=0000;03=0100;42=2D50
48.06,2026-08-30T09:33:58.534,0.0,0100,,,,,,,,,,10.196,,0C=0000;03=0100;11=1A
48.6,2026-08-30T09:33:59.074,0.0,0100,,,,,,,,,,,0,0C=0000;03=0100;0D=00
49.17,2026-08-30T09:33:59.644,0.0,0100,22,,,,,,,,,,,0C=0000;03=0100;05=3E
49.711,2026-08-30T09:34:00.184,0.0,0100,,98,,,,,,,,,,0C=0000;03=0100;0B=62
50.28,2026-08-30T09:34:00.754,0.0,0100,,,0.0,,,,,,,,,0C=0000;03=0100;04=00
50.94,2026-08-30T09:34:01.414,0.0,0100,,,,0.0,,,,,,,,0C=0000;03=0100;0E=80
51.48,2026-08-30T09:34:01.954,0.0,0100,,,,,1.275,,,,,,,0C=0000;03=0100;14=FF80
52.05,2026-08-30T09:34:02.524,0.0,0100,,,,,,23,,,,,,0C=0000;03=0100;0F=3F
52.652,2026-08-30T09:34:03.125,0.0,0100,,,,,,,0.0,,,,,0C=0000;03=0100;06=80
53.251,2026-08-30T09:34:03.724,0.0,0100,,,,,,,,0.0,,,,0C=0000;03=0100;07=80
53.822,2026-08-30T09:34:04.296,0.0,0100,,,,,,,,,11.6,,,0C=0000;03=0100;42=2D50
54.391,2026-08-30T09:34:04.865,0.0,0100,,,,,,,,,,10.196,,0C=0000;03=0100;11=1A
54.962,2026-08-30T09:34:05.435,0.0,0100,,,,,,,,,,,0,0C=0000;03=0100;0D=00
55.53,2026-08-30T09:34:06.004,0.0,0100,22,,,,,,,,,,,0C=0000;03=0100;05=3E
56.1,2026-08-30T09:34:06.574,0.0,0100,,98,,,,,,,,,,0C=0000;03=0100;0B=62
56.7,2026-08-30T09:34:07.174,0.0,0100,,,0.0,,,,,,,,,0C=0000;03=0100;04=00
57.24,2026-08-30T09:34:07.714,0.0,0100,,,,0.0,,,,,,,,0C=0000;03=0100;0E=80
57.81,2026-08-30T09:34:08.284,0.0,0100,,,,,1.275,,,,,,,0C=0000;03=0100;14=FF80
58.351,2026-08-30T09:34:08.824,0.0,0100,,,,,,23,,,,,,0C=0000;03=0100;0F=3F
58.951,2026-08-30T09:34:09.425,0.0,0100,,,,,,,0.0,,,,,0C=0000;03=0100;06=80
59.49,2026-08-30T09:34:09.964,0.0,0100,,,,,,,,0.0,,,,0C=0000;03=0100;07=80
60.06,2026-08-30T09:34:10.534,0.0,0100,,,,,,,,,11.6,,,0C=0000;03=0100;42=2D50
60.601,2026-08-30T09:34:11.074,0.0,0100,,,,,,,,,,10.196,,0C=0000;03=0100;11=1A
61.171,2026-08-30T09:34:11.645,0.0,0100,,,,,,,,,,,0,0C=0000;03=0100;0D=00
61.712,2026-08-30T09:34:12.186,0.0,0100,22,,,,,,,,,,,0C=0000;03=0100;05=3E
62.251,2026-08-30T09:34:12.724,0.0,0100,,98,,,,,,,,,,0C=0000;03=0100;0B=62
62.791,2026-08-30T09:34:13.265,0.0,0100,,,0.0,,,,,,,,,0C=0000;03=0100;04=00
63.331,2026-08-30T09:34:13.805,0.0,0100,,,,0.0,,,,,,,,0C=0000;03=0100;0E=80
63.9,2026-08-30T09:34:14.374,0.0,0100,,,,,1.275,,,,,,,0C=0000;03=0100;14=FF80
64.501,2026-08-30T09:34:14.975,0.0,0100,,,,,,23,,,,,,0C=0000;03=0100;0F=3F
65.071,2026-08-30T09:34:15.545,0.0,0100,,,,,,,0.0,,,,,0C=0000;03=0100;06=80
65.611,2026-08-30T09:34:16.085,0.0,0100,,,,,,,,0.0,,,,0C=0000;03=0100;07=80
66.21,2026-08-30T09:34:16.685,0.0,0100,,,,,,,,,11.6,,,0C=0000;03=0100;42=2D50
66.811,2026-08-30T09:34:17.285,0.0,0100,,,,,,,,,,10.196,,0C=0000;03=0100;11=1A
67.35,2026-08-30T09:34:17.825,0.0,0100,,,,,,,,,,,0,0C=0000;03=0100;0D=00
67.891,2026-08-30T09:34:18.365,0.0,0100,22,,,,,,,,,,,0C=0000;03=0100;05=3E
68.432,2026-08-30T09:34:18.906,0.0,0100,,98,,,,,,,,,,0C=0000;03=0100;0B=62
68.971,2026-08-30T09:34:19.445,0.0,0100,,,0.0,,,,,,,,,0C=0000;03=0100;04=00
69.51,2026-08-30T09:34:19.985,0.0,0100,,,,0.0,,,,,,,,0C=0000;03=0100;0E=80
70.081,2026-08-30T09:34:20.555,0.0,0100,,,,,1.275,,,,,,,0C=0000;03=0100;14=FF80
70.621,2026-08-30T09:34:21.095,0.0,0100,,,,,,23,,,,,,0C=0000;03=0100;0F=3F
71.191,2026-08-30T09:34:21.665,0.0,0100,,,,,,,0.0,,,,,0C=0000;03=0100;06=80
71.731,2026-08-30T09:34:22.205,0.0,0100,,,,,,,,0.0,,,,0C=0000;03=0100;07=80
72.301,2026-08-30T09:34:22.775,0.0,0100,,,,,,,,,11.6,,,0C=0000;03=0100;42=2D50
72.871,2026-08-30T09:34:23.345,0.0,0100,,,,,,,,,,10.196,,0C=0000;03=0100;11=1A
73.44,2026-08-30T09:34:23.915,0.0,0100,,,,,,,,,,,0,0C=0000;03=0100;0D=00
74.011,2026-08-30T09:34:24.485,0.0,0100,22,,,,,,,,,,,0C=0000;03=0100;05=3E
74.671,2026-08-30T09:34:25.146,0.0,0100,,98,,,,,,,,,,0C=0000;03=0100;0B=62
75.211,2026-08-30T09:34:25.685,0.0,0100,,,,,,,,,,,,0C=0000;03=0100;04=ND
75.751,2026-08-30T09:34:26.225,0.0,0100,,,,0.0,,,,,,,,0C=0000;03=0100;0E=80
76.321,2026-08-30T09:34:26.795,0.0,0100,,,,,1.275,,,,,,,0C=0000;03=0100;14=FF80
76.891,2026-08-30T09:34:27.365,0.0,0100,,,,,,23,,,,,,0C=0000;03=0100;0F=3F
77.461,2026-08-30T09:34:27.935,0.0,0100,,,,,,,0.0,,,,,0C=0000;03=0100;06=80
78.031,2026-08-30T09:34:28.505,0.0,0100,,,,,,,,0.0,,,,0C=0000;03=0100;07=80
78.601,2026-08-30T09:34:29.075,,0100,,,,,,,,,11.6,,,0C=ND;03=0100;42=2D50
79.171,2026-08-30T09:34:29.645,0.0,0100,,,,,,,,,,10.196,,0C=0000;03=0100;11=1A
79.711,2026-08-30T09:34:30.185,0.0,0100,,,,,,,,,,,0,0C=0000;03=0100;0D=00
80.251,2026-08-30T09:34:30.725,0.0,0100,22,,,,,,,,,,,0C=0000;03=0100;05=3E
80.791,2026-08-30T09:34:31.265,0.0,0100,,98,,,,,,,,,,0C=0000;03=0100;0B=62
81.332,2026-08-30T09:34:31.807,0.0,,,,,,,,,,,,,0C=0000;03=ND;04=ND
81.871,2026-08-30T09:34:32.345,,,,,,,,,,,,,,0C=ND;03=ND;0E=ND
82.441,2026-08-30T09:34:32.915,,,,,,,,,,,,,,0C=ND;03=ND;14=ND
82.98,2026-08-30T09:34:33.455,,,,,,,,,,,,,,0C=ND;03=ND;0F=ND
83.521,2026-08-30T09:34:33.995,,,,,,,,,,,,,,0C=ND;03=ND;06=ND
84.061,2026-08-30T09:34:34.536,,,,,,,,,,,,,,0C=ND;03=ND;07=ND
84.602,2026-08-30T09:34:35.077,,,,,,,,,,,,,,0C=ND;03=ND;42=ND
85.142,2026-08-30T09:34:35.617,,,,,,,,,,,,,,0C=ND;03=ND;11=ND
85.711,2026-08-30T09:34:36.185,,,,,,,,,,,,,,0C=ND;03=ND;0D=ND
86.281,2026-08-30T09:34:36.755,,,,,,,,,,,,,,0C=ND;03=ND;05=ND
86.851,2026-08-30T09:34:37.325,,,,,,,,,,,,,,0C=ND;03=ND;0B=ND
87.391,2026-08-30T09:34:37.865,,,,,0.0,,,,,,,,,0C=ND;03=ND;04=00
87.961,2026-08-30T09:34:38.435,0.0,0100,,,,0.0,,,,,,,,0C=0000;03=0100;0E=80
88.502,2026-08-30T09:34:38.976,0.0,0100,,,,,1.275,,,,,,,0C=0000;03=0100;14=FF80
89.071,2026-08-30T09:34:39.545,0.0,0100,,,,,,23,,,,,,0C=0000;03=0100;0F=3F
94.463,2026-08-30T09:34:44.938,,0100,,,,,,,,,,,,0C=ND;03=0100;06=ERR
